{
    "highpass_fir": [
        0.0007809953,
        5.29607e-05,
        -0.0008956895,
        -0.0005864882,
        0.0008942753,
        0.0013864069,
        -0.0004791829,
        -0.0023459923,
        -0.0007076382,
        0.0030072073,
        0.0028147362,
        -0.0026223416,
        -0.0055043569,
        0.0004272065,
        0.0078144383,
        0.003942154,
        -0.0082703478,
        -0.0100359244,
        0.0052662199,
        0.0163472981,
        0.0023784212,
        -0.0203451677,
        -0.0148717739,
        0.0187363771,
        0.0311240916,
        -0.0076243856,
        -0.0487995591,
        -0.0185878086,
        0.0647800722,
        0.0757475992,
        -0.0759292719,
        -0.307357464,
        0.5794924157,
        -0.307357464,
        -0.0759292719,
        0.0757475992,
        0.0647800722,
        -0.0185878086,
        -0.0487995591,
        -0.0076243856,
        0.0311240916,
        0.0187363771,
        -0.0148717739,
        -0.0203451677,
        0.0023784212,
        0.0163472981,
        0.0052662199,
        -0.0100359244,
        -0.0082703478,
        0.003942154,
        0.0078144383,
        0.0004272065,
        -0.0055043569,
        -0.0026223416,
        0.0028147362,
        0.0030072073,
        -0.0007076382,
        -0.0023459923,
        -0.0004791829,
        0.0013864069,
        0.0008942753,
        -0.0005864882,
        -0.0008956895,
        5.29607e-05,
        0.0007809953
    ],
    "lowpass_fir": [
        0.0007799563,
        0.0008406659,
        0.000894498,
        0.000922928,
        0.0008930856,
        0.0007611697,
        0.0004785454,
        -0.0,
        -0.0007066968,
        -0.0016510268,
        -0.0028109916,
        -0.004126652,
        -0.0054970342,
        -0.0067812194,
        -0.0078040424,
        -0.0083663587,
        -0.0082593454,
        -0.0072818256,
        -0.0052592139,
        -0.0020623966,
        0.002375257,
        0.0080445055,
        0.0148519892,
        0.022618259,
        0.0310826856,
        0.0399152567,
        0.0487346386,
        0.0571312865,
        0.064693892,
        0.0710371002,
        0.0758282594,
        0.0788109979,
        0.0798236535,
        0.0788109979,
        0.0758282594,
        0.0710371002,
        0.064693892,
        0.0571312865,
        0.0487346386,
        0.0399152567,
        0.0310826856,
        0.022618259,
        0.0148519892,
        0.0080445055,
        0.002375257,
        -0.0020623966,
        -0.0052592139,
        -0.0072818256,
        -0.0082593454,
        -0.0083663587,
        -0.0078040424,
        -0.0067812194,
        -0.0054970342,
        -0.004126652,
        -0.0028109916,
        -0.0016510268,
        -0.0007066968,
        -0.0,
        0.0004785454,
        0.0007611697,
        0.0008930856,
        0.000922928,
        0.000894498,
        0.0008406659,
        0.0007799563
    ]
}